date,month,day,product_a_sales_quantity,product_a_production_quantity,product_b_sales_quantity,product_b_production_quantity,component_a_inventory_level,component_a_inventory_turnover_rate,component_a_commonality,component_a_utilization_ratio_for_product_a,component_a_utilization_ratio_for_product_b,component_a1_inventory_level,component_a1_inventory_turnover_rate,component_a1_commonality,component_a1_utilization_ratio_for_product_b
2026-11-01,11,1,104,106,96,104,262,0.6779194236805578,2,0.7105285434675195,0.0,188,0.5050206909861145,1,0.6829284101121138
2026-11-02,11,2,106,114,63,70,216,0.7096561373835278,2,0.786070380574464,0.0,210,0.5100042533511971,1,0.7910762441366513
2026-11-03,11,3,104,101,71,75,208,0.6266539757554985,2,0.7651775362751878,0.0,193,0.5655922794877417,1,0.6944115680345286
2026-11-04,11,4,111,117,95,92,228,0.7217344893201681,2,0.8411869274033132,0.0,163,0.6195392207376581,1,0.6966104522112043
2026-11-05,11,5,94,92,66,73,240,0.6506805826456158,2,0.7726699847816615,0.0,236,0.6062686214447907,1,0.7790434564160276
2026-11-06,11,6,106,109,71,78,280,0.750256675739793,2,0.7690562780661331,0.0,152,0.5722195508965535,1,0.7986627649362191
2026-11-07,11,7,105,109,95,92,266,0.6241646354864474,2,0.8723750262111003,0.0,217,0.6221359259730589,1,0.6820742033354866
2026-11-08,11,8,96,94,99,103,213,0.6135362073153294,2,0.8836232965854531,0.0,155,0.5830266851995771,1,0.6637035527252856
2026-11-09,11,9,94,96,91,95,296,0.7883197714034832,2,0.7281227298478752,0.0,176,0.5967009769283759,1,0.6170868595314366
2026-11-10,11,10,104,100,87,84,258,0.6415020689868991,2,0.7794558248155873,0.0,166,0.5611140175309426,1,0.6385277447428338
2026-11-11,11,11,103,107,77,75,211,0.7204438537345761,2,0.8550071284694045,0.0,156,0.5720025168806138,1,0.7815141216205407
2026-11-12,11,12,84,86,63,67,277,0.723970293251042,2,0.7488292864181691,0.0,208,0.6121592362305412,1,0.7932361066732871
2026-11-13,11,13,99,97,72,77,206,0.7322405559252048,2,0.7160968703671056,0.0,230,0.6434950348400266,1,0.6664875019673104
2026-11-14,11,14,115,112,64,68,238,0.6780089885465573,2,0.7916160623503957,0.0,172,0.6480006296997899,1,0.7037577177135497
2026-11-15,11,15,103,112,89,97,231,0.752086038587644,2,0.8592426853571372,0.0,156,0.6517811133560817,1,0.6986057312146263
2026-11-16,11,16,103,99,81,88,280,0.7611005953551863,2,0.8856665061145942,0.0,233,0.5913482844305951,1,0.6636165244406319
2026-11-17,11,17,107,105,80,84,215,0.7142328393595168,2,0.7754192428176997,0.0,175,0.5500568970128733,1,0.7503813670054172
2026-11-18,11,18,101,106,77,79,279,0.7560338202762499,2,0.8022624099335594,0.0,230,0.6242081403723951,1,0.6817606524365927
2026-11-19,11,19,100,108,90,90,222,0.6835938429038733,2,0.8759401240915576,0.0,199,0.5670374217465189,1,0.7605420957567689
2026-11-20,11,20,81,81,70,76,226,0.7692392388815985,2,0.7586217485188451,0.0,216,0.6576639681069332,1,0.6976445796900401
2026-11-21,11,21,116,122,96,103,246,0.6959799611504196,2,0.7445911588953215,0.0,194,0.57523691951419,1,0.6161957857001888
2026-11-22,11,22,117,123,95,101,232,0.6838362567443966,2,0.7405784360489516,0.0,151,0.5160063868721728,1,0.6101781352643252
2026-11-23,11,23,103,107,90,85,207,0.7869597536919409,2,0.873762527052749,0.0,154,0.5247375737080363,1,0.7256900950736815
2026-11-24,11,24,107,106,60,61,219,0.7389660078647675,2,0.7910520795213897,0.0,153,0.6713320309198462,1,0.7453104153728551
2026-11-25,11,25,116,120,83,78,252,0.797586925126569,2,0.8060494067405368,0.0,219,0.6753992319989286,1,0.6322437962248411
2026-11-26,11,26,101,105,81,79,276,0.6147788503135784,2,0.8191861821348237,0.0,245,0.582497670749262,1,0.7035187800789792
2026-11-27,11,27,90,96,93,90,273,0.7039916500674196,2,0.8051119112034829,0.0,156,0.6340782173371805,1,0.6238365405736236
2026-11-28,11,28,90,92,95,98,242,0.6361927246952097,2,0.7661344048316018,0.0,209,0.5317230243436223,1,0.7256909652641083
2026-11-29,11,29,99,97,79,79,290,0.671392820509256,2,0.7859305802461161,0.0,232,0.592760282660602,1,0.7711058630906493
2026-11-30,11,30,97,104,70,71,243,0.7244383919100243,2,0.8176322683284989,0.0,162,0.6011687000463893,1,0.7511236612657742
2026-12-01,12,1,43,51,89,89,425,0.47717309249635786,2,0.49190069610114295,0.0,238,0.6075389803319998,1,0.609597416844285
2026-12-02,12,2,33,30,86,83,401,0.3028950453060477,2,0.5319720363900626,0.0,203,0.568216384100231,1,0.61791686745226
2026-12-03,12,3,40,48,87,90,533,0.37569891491337265,2,0.40638055872811274,0.0,217,0.6270726577112544,1,0.6466723406165402
2026-12-04,12,4,46,51,89,96,460,0.3528965212703764,2,0.4745883678346153,0.0,172,0.6005630724373736,1,0.7042564056126768
2026-12-05,12,5,34,29,89,84,450,0.41332812850574696,2,0.4138454450868812,0.0,167,0.6547025751289299,1,0.6802435057078047
2026-12-06,12,6,43,50,71,77,585,0.45093656808022303,2,0.47853645166256686,0.0,212,0.5791465083417293,1,0.7287446718485588
2026-12-07,12,7,46,54,84,93,418,0.37833277744513233,2,0.5166808126567233,0.0,198,0.5564344892788596,1,0.6438491407615988
2026-12-08,12,8,47,55,79,76,587,0.3992531615167348,2,0.5414709423625148,0.0,187,0.5814306592388216,1,0.749553682354549
2026-12-09,12,9,47,53,73,72,528,0.4379860510673658,2,0.5110700825876625,0.0,231,0.6566685037720011,1,0.7396102288176617
2026-12-10,12,10,43,45,74,75,556,0.43537973733293556,2,0.5578123120992627,0.0,256,0.6403919803067982,1,0.6550811108891721
2026-12-11,12,11,45,42,83,85,520,0.4860259569993002,2,0.43878291571404726,0.0,195,0.578764408680756,1,0.6873341944479183
2026-12-12,12,12,41,44,75,79,528,0.49345168502251613,2,0.502096674079617,0.0,198,0.6047973974240775,1,0.6839490284375351
2026-12-13,12,13,36,39,96,98,540,0.40952743106581746,2,0.453483358904752,0.0,215,0.7164835431620752,1,0.652531234642948
2026-12-14,12,14,49,52,74,76,450,0.3127299358467121,2,0.5145713227856294,0.0,181,0.6627635700116737,1,0.6584679318526354
2026-12-15,12,15,49,48,79,78,491,0.47477622231453875,2,0.4343945852147728,0.0,256,0.5805899397832419,1,0.6694034850406447
2026-12-16,12,16,40,44,63,64,440,0.41595415576613215,2,0.5151921311308716,0.0,209,0.5559165095626315,1,0.7159496448081197
2026-12-17,12,17,34,41,63,64,410,0.32937437014417453,2,0.5190539514742294,0.0,170,0.5568655893495182,1,0.6766868790853411
2026-12-18,12,18,33,29,75,83,443,0.45698726871756695,2,0.5111155960253535,0.0,245,0.6060878140701945,1,0.6641583971120234
2026-12-19,12,19,49,49,87,86,414,0.4013644157994023,2,0.5448560514841614,0.0,188,0.6613568331093852,1,0.655062715192264
2026-12-20,12,20,45,46,84,88,411,0.3604016098013423,2,0.4353040675377374,0.0,165,0.6622471453599053,1,0.7676429720754598
2026-12-21,12,21,35,36,97,96,553,0.32469067906964943,2,0.49546068337763793,0.0,251,0.6974949180399664,1,0.7269583125588901
2026-12-22,12,22,48,56,70,79,526,0.41616425572409593,2,0.45929337302142087,0.0,177,0.6737126597615812,1,0.7007329271291626
2026-12-23,12,23,39,46,82,88,454,0.33826218371699257,2,0.5490263826340191,0.0,246,0.6952183606551579,1,0.7565002300695064
2026-12-24,12,24,36,40,81,84,451,0.44455891863780655,2,0.46170880445616846,0.0,218,0.6612935950618413,1,0.6170146801880158
2026-12-25,12,25,34,43,73,70,459,0.4443021266383471,2,0.5797485557035641,0.0,234,0.665126534728739,1,0.6306241120049157
2026-12-26,12,26,42,41,74,80,494,0.4989450939292466,2,0.5912720882507734,0.0,249,0.6703828692141129,1,0.7132181127366968
2026-12-27,12,27,30,26,74,76,478,0.43221979474962785,2,0.4833782018190335,0.0,177,0.5582492061705724,1,0.736164304001635
2026-12-28,12,28,49,52,77,80,588,0.30925297854872674,2,0.5802747389757338,0.0,205,0.7096190905400346,1,0.6616255506448897
2026-12-29,12,29,37,43,64,73,503,0.3323606942671618,2,0.40824032756586304,0.0,200,0.6498227548275867,1,0.7056069997522381
2026-12-30,12,30,31,32,81,85,490,0.4961005859949328,2,0.40369770268600674,0.0,243,0.5896556747968966,1,0.610118781677348
2026-12-31,12,31,33,29,63,59,406,0.44780611787357927,2,0.43118635910028286,0.0,192,0.6130789994690672,1,0.7622444330900437
